{
    "stories": {
        "base_1749513878_fa760a8d-4a9d-4488-b47b-f1cda48bb2ce": {
            "paper_name": 1749513878.2760608,
            "artifact_name": 1749513878.2760608,
            "original_path": 1749513878.2760608
        },
        "base_1749513878_edf3402f-8f56-43b3-8564-9010686a75a2": {
            "paper_name": 1749513878.2760608,
            "artifact_name": 1749513878.2760608,
            "original_path": 1749513878.2760608
        }
    },
    "llm_storage": {
        "base_1749513878_40f69a79-e2fc-4dda-8335-5bbbcccd664e": {
            "paper_name": 1749513878.329194,
            "openai_id": 1749513878.329194
        },
        "base_1749513878_74585574-c121-4dde-8df0-d7f2b9597823": {
            "paper_name": 1749513878.329194,
            "openai_id": 1749513878.329194
        }
    },
    "llm_questions": {
        "base_1749513878_d3fa2c2a-ff12-4ae1-a323-ea3b2ef8be68": {
            "paper_name": 1749513878.435786,
            "q1": 1749513878.435786,
            "q2a": 1749513878.435786,
            "q2": 1749513878.435786,
            "q3a": 1749513878.435786,
            "q3": 1749513878.435786
        },
        "base_1749513878_2c349481-1010-48a4-9ef0-bd065fb8cde0": {
            "paper_name": 1749513878.435786,
            "q1": 1749513878.435786,
            "q2a": 1749513878.435786,
            "q2": 1749513878.435786,
            "q3a": 1749513878.435786,
            "q3": 1749513878.435786
        }
    }
}