{
    "stories": {
        "base_1749513878_fa760a8d-4a9d-4488-b47b-f1cda48bb2ce": [
            1749513878.2760608,
            1749513878.2760608,
            null
        ],
        "base_1749513878_edf3402f-8f56-43b3-8564-9010686a75a2": [
            1749513878.2760608,
            1749513878.5533938,
            null
        ]
    },
    "llm_storage": {
        "base_1749513878_40f69a79-e2fc-4dda-8335-5bbbcccd664e": [
            1749513878.329194,
            1749513878.329194,
            null
        ],
        "base_1749513878_74585574-c121-4dde-8df0-d7f2b9597823": [
            1749513878.329194,
            1749513878.602149,
            null
        ]
    },
    "llm_questions": {
        "base_1749513878_d3fa2c2a-ff12-4ae1-a323-ea3b2ef8be68": [
            1749513878.435786,
            1749513878.435786,
            null
        ],
        "base_1749513878_2c349481-1010-48a4-9ef0-bd065fb8cde0": [
            1749513878.435786,
            1749513878.6745741,
            null
        ]
    }
}