{
    "stories": {
        "base_1749513876_48c0e467-dc71-4b5d-aa2d-e3d77b2ef941": {
            "paper_name": 1749513876.9931781,
            "artifact_name": 1749513876.9931781,
            "original_path": 1749513876.9931781
        }
    },
    "llm_storage": {
        "base_1749513876_4571beb4-ee84-4210-9949-2f75c2a0cf7c": {
            "paper_name": 1749513877.035201,
            "openai_id": 1749513877.035201
        }
    },
    "llm_questions": {
        "base_1749513877_83c7c747-03f5-4a4e-abc4-d28a9d35077f": {
            "paper_name": 1749513877.144403,
            "q1": 1749513877.144403,
            "q2a": 1749513877.144403,
            "q2": 1749513877.144403,
            "q3a": 1749513877.144403,
            "q3": 1749513877.144403
        }
    }
}