{
    "stories": {
        "base_1749513876_48c0e467-dc71-4b5d-aa2d-e3d77b2ef941": [
            1749513876.9931781,
            1749513876.9931781,
            null
        ]
    },
    "llm_storage": {
        "base_1749513876_4571beb4-ee84-4210-9949-2f75c2a0cf7c": [
            1749513877.035201,
            1749513877.035201,
            null
        ]
    },
    "llm_questions": {
        "base_1749513877_83c7c747-03f5-4a4e-abc4-d28a9d35077f": [
            1749513877.144403,
            1749513877.144403,
            null
        ]
    }
}